vessel 0,2025/05/04 00:28:00
vessel 1,2025/05/04 01:40:00
vessel 2,2025/05/04 10:10:00
vessel 3,2025/05/04 19:01:00
vessel 4,2025/05/04 19:23:00
vessel 5,2025/05/04 22:29:00
vessel 6,2025/05/05 01:53:00
vessel 7,2025/05/05 04:11:00
vessel 8,2025/05/05 07:27:00
vessel 9,2025/05/05 08:25:00
vessel 10,2025/05/05 09:27:00
vessel 11,2025/05/05 12:41:00
vessel 12,2025/05/05 13:19:00
vessel 13,2025/05/06 03:06:00
vessel 14,2025/05/06 06:26:00
vessel 15,2025/05/06 08:07:00
vessel 16,2025/05/06 10:08:00
vessel 17,2025/05/06 22:55:00
vessel 18,2025/05/07 00:01:00
vessel 19,2025/05/07 10:28:00
vessel 20,2025/05/07 12:29:00
vessel 21,2025/05/07 18:39:00
vessel 22,2025/05/07 19:25:00
vessel 23,2025/05/08 13:45:00
vessel 24,2025/05/08 15:06:00
vessel 25,2025/05/09 02:23:00
vessel 26,2025/05/09 05:09:00
vessel 27,2025/05/09 20:50:00
vessel 28,2025/05/09 20:51:00
vessel 29,2025/05/09 21:37:00
